title,text,label
BREAKING: Scientists SHOCKED by this discovery!,Experts are baffled by latest findings. This one weird trick doctors don't want you to know about. Click here for the full story that mainstream media refuses to cover!,0
You WON'T BELIEVE what happened next!,Anonymous sources reveal shocking truth. Government hiding major secret. This information has been suppressed. Share before it gets deleted!,0
URGENT WARNING: Health officials EXPOSED,Big pharma conspiracy revealed. Miracle cure being hidden from public. See the truth they don't want you to see. Shocking revelations inside!,0
Celebrity Tells All: Secret Revealed!,Shocking confession made. Industry insiders admit cover-up. Unbelievable truth finally exposed. You have to see this!,0
This is why nobody talks about it anymore,Conspiracy theories backed by anonymous witnesses. No verifiable sources. Emotional manipulation tactics used throughout. Pure speculation presented as fact.,0
EXCLUSIVE: Never Before Seen Footage,Unverified claims with no credible sources. Manipulated images presented as authentic. Misleading headlines designed for virality. No factual basis provided.,0
They Don't Want You To Know THIS,Outlandish claims without evidence. Out of context quotes. Fake quotes attributed to real people. Deliberately misleading narrative.,0
SHOCKING: This Will Change EVERYTHING,Extraordinary claims with no proof. Emotional language designed to panic readers. No scientific basis whatsoever. Pure speculation.,0
WARNING: Food Industry's Dirty Secret,Unsubstantiated health claims. No peer review. Designed to spread fear. Contains false information about food safety.,0
Latest Research Will BLOW YOUR MIND,Completely fabricated study results. Fake expert credentials. Pure misinformation. Designed to mislead consumers.,0
INSANE: What Happened Was Unreal,Exaggerated claims with no basis. False equivalencies presented. Emotional manipulation tactics. Deliberately spreading false information.,0
Doctors HATE This Simple Trick,False medical claims. No clinical evidence. Misleading health information. Designed to sell ineffective products.,0
VIRAL: See What Nobody Is Talking About,Conspiracy laden narrative. No factual support. Deliberately polarizing content. Designed to spread virally.,0
This Happened And You Won't Believe Why,Fabricated event description. False claims presented as facts. No credible sources cited. Emotional storytelling over truth.,0
MIND BLOWING: The Truth Behind Everything,Grand conspiracy claims. No evidence provided. Pseudoscience presented as fact. Deliberately misleading.,0
Study Shows Climate Change Impact on Agriculture,Peer-reviewed research published in Nature Climate Change indicates that rising temperatures are affecting crop yields. Scientists from 12 institutions analyzed 50 years of data.,1
Economic Report: Q4 GDP Growth at 2.5%,The Bureau of Economic Analysis announced that fourth quarter GDP growth reached 2.5% slightly below analyst expectations. Official government data shows steady but moderate economic expansion.,1
New Healthcare Policy Takes Effect January 1,The Department of Health announced new regulations effective January 1. Changes were developed by expert panels over 18 months. The policy affects insurance coverage for preventive care.,1
Tech Company Releases Latest Smartphone,Following a three-year development cycle the technology company unveiled its latest device. The announcement included detailed specifications and performance benchmarks. Official pricing and availability information provided.,1
University Researchers Publish Breakthrough in Cancer Treatment,A study published in The Lancet demonstrates promising results from a new treatment approach. The research involved 500 patients across 15 hospitals. Peer review confirmed methodology and findings.,1
Federal Reserve Maintains Interest Rates,The Federal Reserve's policy committee decided to keep interest rates unchanged at 4.25%. The decision was based on current inflation trends and employment data. Official statement released to media.,1
International Trade Agreement Signed by 12 Nations,Representatives from 12 countries signed a comprehensive trade agreement. Negotiations took two years and involved detailed agreements on tariffs and regulations. Text of agreement available online.,1
Medical Breakthrough: New Drug Shows Promise in Clinical Trials,A pharmaceutical company announced positive results from Phase 3 clinical trials. The data was reviewed by independent medical experts. Results will be submitted to FDA for approval consideration.,1
Infrastructure Project Completed Ahead of Schedule,The construction project finished two months early and within budget. The Department of Transportation confirmed the completion of all required elements. Project details available in official report.,1
Scientific Discovery Published in Peer-Reviewed Journal,Researchers documented a new phenomenon after five years of study. The work was reviewed by experts in the field. Methodology and data made available for independent verification.,1
Government Statistical Agency Releases Annual Report,The Census Bureau released its annual statistical analysis. Data was collected through standardized methodology involving thousands of interviews. Complete dataset available for researchers.,1
Corporate Earnings Report Shows Strong Performance,The company reported 15% increase in annual revenue and 8% profit growth. Financial statements were audited by independent accounting firm. Detailed breakdown provided to investors and media.,1
Major University Study on Education Policy Released,Researchers at a leading institution completed a five-year study on education effectiveness. The analysis included data from 100 schools and 10000 students. Report details were presented at academic conference.,1
Environmental Protection Agency Announces New Regulations,The EPA published detailed new environmental standards following public comment period. Regulations are based on scientific analysis by agency experts. Text of full regulations published online.,1
International Organization Reports on Global Health Trends,The World Health Organization released comprehensive analysis of health indicators. Report included data from 195 member nations. Recommendations provided based on analysis.,1
